{"cameraMode":{"drawMode":0,"name":"Shaded","section":"Shading Mode"},"sceneLighting":false,"audioPlay":false,"sceneViewState":{"m_AlwaysRefresh":false,"showFog":true,"showSkybox":false,"showFlares":true,"showImageEffects":true,"showParticleSystems":true,"showVisualEffectGraphs":true,"m_FxEnabled":true},"in2DMode":false,"pivot":{"x":0.30404072999954226,"y":1.5234721899032593,"z":63.52146911621094},"rotation":{"x":-0.09213586896657944,"y":0.7078908681869507,"z":-0.09399547427892685,"w":-0.6939983367919922},"size":2.0784621238708498,"orthographic":false}