{"cameraMode":{"drawMode":0,"name":"Shaded","section":"Shading Mode"},"sceneLighting":false,"audioPlay":false,"sceneViewState":{"m_AlwaysRefresh":false,"showFog":true,"showSkybox":false,"showFlares":true,"showImageEffects":true,"showParticleSystems":true,"showVisualEffectGraphs":true,"m_FxEnabled":true},"in2DMode":false,"pivot":{"x":-0.7273578643798828,"y":2.187833070755005,"z":12.17514419555664},"rotation":{"x":0.003720699343830347,"y":-0.8659306168556213,"z":-0.006512416992336512,"w":-0.5001619458198547},"size":10.475868225097657,"orthographic":false}