{"cameraMode":{"drawMode":0,"name":"Shaded","section":"Shading Mode"},"sceneLighting":false,"audioPlay":false,"sceneViewState":{"m_AlwaysRefresh":false,"showFog":false,"showSkybox":false,"showFlares":false,"showImageEffects":false,"showParticleSystems":false,"showVisualEffectGraphs":true,"m_FxEnabled":true},"in2DMode":false,"pivot":{"x":-0.0007849931716918945,"y":1.183728575706482,"z":-0.13500642776489259},"rotation":{"x":0.3208830952644348,"y":-0.042320940643548968,"z":0.014353244565427304,"w":0.9460648894309998},"size":2.148944139480591,"orthographic":false}